<application>
  <component name="FindSettings">
    <option name="caseSensitive" value="true" />
    <option name="customScope" value="All Places" />
    <option name="defaultScopeName" value="All Places" />
    <option name="localCaseSensitive" value="true" />
    <option name="wholeWordsOnly" value="true" />
    <option name="CASE_SENSITIVE_SEARCH" value="true" />
    <option name="LOCAL_CASE_SENSITIVE_SEARCH" value="true" />
    <option name="WHOLE_WORDS_ONLY" value="true" />
    <option name="SEARCH_SCOPE" value="All Places" />
    <option name="FILE_MASK" value="*.py" />
    <mask>*.pxi</mask>
    <mask>*.pxd</mask>
    <mask>*.pyx</mask>
    <mask>*.pyi</mask>
    <mask>*.ipynb</mask>
    <mask>*.css</mask>
    <mask>*.html</mask>
    <mask>*.xml</mask>
    <mask>*.pyw</mask>
    <mask>filters.py</mask>
    <mask>*.*</mask>
    <mask>*.js</mask>
    <mask>*.py</mask>
  </component>
</application>