<application>
  <component name="ProjectJdkTable">
    <jdk version="2">
      <name value="sol_pm" />
      <type value="Python SDK" />
      <version value="Python 3.8.20" />
      <homePath value="/python-venv/bin/python3" />
      <roots>
        <classPath>
          <root type="composite">
            <root url="file://$USER_HOME$/.cache/JetBrains/PyCharm2025.2/remote_sources/-1961995941/249573929" type="simple" />
            <root url="file://$USER_HOME$/.cache/JetBrains/PyCharm2025.2/remote_sources/-1961995941/2026582193" type="simple" />
            <root url="file://$USER_HOME$/.cache/JetBrains/PyCharm2025.2/remote_sources/-1961995941/87888613" type="simple" />
            <root url="file://$USER_HOME$/.cache/JetBrains/PyCharm2025.2/python_stubs/-1225113543" type="simple" />
            <root url="file://$APPLICATION_HOME_DIR$/plugins/python-ce/helpers/typeshed/stdlib" type="simple" />
            <root url="file://$APPLICATION_HOME_DIR$/plugins/python-ce/helpers/typeshed/stubs/six" type="simple" />
            <root url="file://$APPLICATION_HOME_DIR$/plugins/python-ce/helpers/typeshed/stubs/cffi" type="simple" />
            <root url="file://$APPLICATION_HOME_DIR$/plugins/python-ce/helpers/typeshed/stubs/pytz" type="simple" />
            <root url="file://$APPLICATION_HOME_DIR$/plugins/python-ce/helpers/typeshed/stubs/redis" type="simple" />
            <root url="file://$APPLICATION_HOME_DIR$/plugins/python-ce/helpers/typeshed/stubs/Pillow" type="simple" />
            <root url="file://$APPLICATION_HOME_DIR$/plugins/python-ce/helpers/typeshed/stubs/PyYAML" type="simple" />
            <root url="file://$APPLICATION_HOME_DIR$/plugins/python-ce/helpers/typeshed/stubs/pyasn1" type="simple" />
            <root url="file://$APPLICATION_HOME_DIR$/plugins/python-ce/helpers/typeshed/stubs/shapely" type="simple" />
            <root url="file://$APPLICATION_HOME_DIR$/plugins/python-ce/helpers/typeshed/stubs/Pygments" type="simple" />
            <root url="file://$APPLICATION_HOME_DIR$/plugins/python-ce/helpers/typeshed/stubs/croniter" type="simple" />
            <root url="file://$APPLICATION_HOME_DIR$/plugins/python-ce/helpers/typeshed/stubs/docutils" type="simple" />
            <root url="file://$APPLICATION_HOME_DIR$/plugins/python-ce/helpers/typeshed/stubs/html5lib" type="simple" />
            <root url="file://$APPLICATION_HOME_DIR$/plugins/python-ce/helpers/typeshed/stubs/networkx" type="simple" />
            <root url="file://$APPLICATION_HOME_DIR$/plugins/python-ce/helpers/typeshed/stubs/openpyxl" type="simple" />
            <root url="file://$APPLICATION_HOME_DIR$/plugins/python-ce/helpers/typeshed/stubs/psycopg2" type="simple" />
            <root url="file://$APPLICATION_HOME_DIR$/plugins/python-ce/helpers/typeshed/stubs/requests" type="simple" />
            <root url="file://$APPLICATION_HOME_DIR$/plugins/python-ce/helpers/typeshed/stubs/decorator" type="simple" />
            <root url="file://$APPLICATION_HOME_DIR$/plugins/python-ce/helpers/typeshed/stubs/cachetools" type="simple" />
            <root url="file://$APPLICATION_HOME_DIR$/plugins/python-ce/helpers/typeshed/stubs/defusedxml" type="simple" />
            <root url="file://$APPLICATION_HOME_DIR$/plugins/python-ce/helpers/typeshed/stubs/jsonschema" type="simple" />
            <root url="file://$APPLICATION_HOME_DIR$/plugins/python-ce/helpers/typeshed/stubs/setuptools" type="simple" />
            <root url="file://$APPLICATION_HOME_DIR$/plugins/python-ce/helpers/typeshed/stubs/python-dateutil" type="simple" />
            <root url="file://$APPLICATION_HOME_DIR$/plugins/python-ce/helpers/bundled_stubs/Django" type="simple" />
          </root>
        </classPath>
        <sourcePath>
          <root type="composite" />
        </sourcePath>
      </roots>
      <additional ASSOCIATED_PROJECT_PATH="$USER_HOME$/sol_pm" SDK_UUID="765b6eb5-e2a3-4da0-ae4a-59a5230d781a" INTERPRETER_PATH="/python-venv/bin/python3" HELPERS_PATH="" VALID="true" RUN_AS_ROOT_VIA_SUDO="false">
        <setting name="FLAVOR_ID" value="VirtualEnvSdkFlavor" />
        <setting name="FLAVOR_DATA" value="{}" />
        <PathMappingSettings>
          <option name="pathMappings">
            <list>
              <mapping local-root="$USER_HOME$/.cache/JetBrains/PyCharm2025.2/remote_sources/-1961995941/249573929" remote-root="/usr/local/lib/python3.8" />
              <mapping local-root="$USER_HOME$/.cache/JetBrains/PyCharm2025.2/remote_sources/-1961995941/2026582193" remote-root="/usr/local/lib/python3.8/lib-dynload" />
              <mapping local-root="$USER_HOME$/.cache/JetBrains/PyCharm2025.2/remote_sources/-1961995941/87888613" remote-root="/python-venv/lib/python3.8/site-packages" />
            </list>
          </option>
        </PathMappingSettings>
        <targetEnvironmentConfiguration type="docker-compose">
          <config>
            <option name="targetPlatform">
              <TargetPlatform />
            </option>
            <option name="configurationFiles">
              <list>
                <option value="$USER_HOME$/sol_pm/docker-compose.yml" />
              </list>
            </option>
            <option name="envs">
              <map>
                <entry key="DJANGO_SETTINGS_MODULE" value="settings" />
                <entry key="PYTHONUNBUFFERED" value="1" />
              </map>
            </option>
            <option name="projectName" value="sol_pm" />
            <option name="serviceName" value="web" />
          </config>
        </targetEnvironmentConfiguration>
      </additional>
    </jdk>
    <jdk version="2">
      <name value="sol_pm_74" />
      <type value="Python SDK" />
      <version value="Python 3.8.20" />
      <homePath value="/python-venv/bin/python3" />
      <roots>
        <classPath>
          <root type="composite">
            <root url="file://$USER_HOME$/.cache/JetBrains/PyCharm2025.2/remote_sources/-2128251250/249573929" type="simple" />
            <root url="file://$USER_HOME$/.cache/JetBrains/PyCharm2025.2/remote_sources/-2128251250/2026582193" type="simple" />
            <root url="file://$USER_HOME$/.cache/JetBrains/PyCharm2025.2/remote_sources/-2128251250/87888613" type="simple" />
            <root url="file://$USER_HOME$/.cache/JetBrains/PyCharm2025.2/python_stubs/-1225113543" type="simple" />
            <root url="file://$APPLICATION_HOME_DIR$/plugins/python-ce/helpers/typeshed/stdlib" type="simple" />
            <root url="file://$APPLICATION_HOME_DIR$/plugins/python-ce/helpers/typeshed/stubs/six" type="simple" />
            <root url="file://$APPLICATION_HOME_DIR$/plugins/python-ce/helpers/typeshed/stubs/cffi" type="simple" />
            <root url="file://$APPLICATION_HOME_DIR$/plugins/python-ce/helpers/typeshed/stubs/pytz" type="simple" />
            <root url="file://$APPLICATION_HOME_DIR$/plugins/python-ce/helpers/typeshed/stubs/redis" type="simple" />
            <root url="file://$APPLICATION_HOME_DIR$/plugins/python-ce/helpers/typeshed/stubs/Pillow" type="simple" />
            <root url="file://$APPLICATION_HOME_DIR$/plugins/python-ce/helpers/typeshed/stubs/PyYAML" type="simple" />
            <root url="file://$APPLICATION_HOME_DIR$/plugins/python-ce/helpers/typeshed/stubs/pyasn1" type="simple" />
            <root url="file://$APPLICATION_HOME_DIR$/plugins/python-ce/helpers/typeshed/stubs/shapely" type="simple" />
            <root url="file://$APPLICATION_HOME_DIR$/plugins/python-ce/helpers/typeshed/stubs/Pygments" type="simple" />
            <root url="file://$APPLICATION_HOME_DIR$/plugins/python-ce/helpers/typeshed/stubs/croniter" type="simple" />
            <root url="file://$APPLICATION_HOME_DIR$/plugins/python-ce/helpers/typeshed/stubs/docutils" type="simple" />
            <root url="file://$APPLICATION_HOME_DIR$/plugins/python-ce/helpers/typeshed/stubs/html5lib" type="simple" />
            <root url="file://$APPLICATION_HOME_DIR$/plugins/python-ce/helpers/typeshed/stubs/networkx" type="simple" />
            <root url="file://$APPLICATION_HOME_DIR$/plugins/python-ce/helpers/typeshed/stubs/openpyxl" type="simple" />
            <root url="file://$APPLICATION_HOME_DIR$/plugins/python-ce/helpers/typeshed/stubs/psycopg2" type="simple" />
            <root url="file://$APPLICATION_HOME_DIR$/plugins/python-ce/helpers/typeshed/stubs/requests" type="simple" />
            <root url="file://$APPLICATION_HOME_DIR$/plugins/python-ce/helpers/typeshed/stubs/decorator" type="simple" />
            <root url="file://$APPLICATION_HOME_DIR$/plugins/python-ce/helpers/typeshed/stubs/cachetools" type="simple" />
            <root url="file://$APPLICATION_HOME_DIR$/plugins/python-ce/helpers/typeshed/stubs/defusedxml" type="simple" />
            <root url="file://$APPLICATION_HOME_DIR$/plugins/python-ce/helpers/typeshed/stubs/jsonschema" type="simple" />
            <root url="file://$APPLICATION_HOME_DIR$/plugins/python-ce/helpers/typeshed/stubs/setuptools" type="simple" />
            <root url="file://$APPLICATION_HOME_DIR$/plugins/python-ce/helpers/typeshed/stubs/python-dateutil" type="simple" />
            <root url="file://$APPLICATION_HOME_DIR$/plugins/python-ce/helpers/bundled_stubs/Django" type="simple" />
          </root>
        </classPath>
        <sourcePath>
          <root type="composite" />
        </sourcePath>
      </roots>
      <additional ASSOCIATED_PROJECT_PATH="$USER_HOME$/sol_pm_74" SDK_UUID="3b498d5d-9b89-4d81-aba8-08fd0ef7874a" INTERPRETER_PATH="/python-venv/bin/python3" HELPERS_PATH="" VALID="true" RUN_AS_ROOT_VIA_SUDO="false">
        <setting name="FLAVOR_ID" value="VirtualEnvSdkFlavor" />
        <setting name="FLAVOR_DATA" value="{}" />
        <PathMappingSettings>
          <option name="pathMappings">
            <list>
              <mapping local-root="$USER_HOME$/.cache/JetBrains/PyCharm2025.2/remote_sources/-2128251250/249573929" remote-root="/usr/local/lib/python3.8" />
              <mapping local-root="$USER_HOME$/.cache/JetBrains/PyCharm2025.2/remote_sources/-2128251250/2026582193" remote-root="/usr/local/lib/python3.8/lib-dynload" />
              <mapping local-root="$USER_HOME$/.cache/JetBrains/PyCharm2025.2/remote_sources/-2128251250/87888613" remote-root="/python-venv/lib/python3.8/site-packages" />
            </list>
          </option>
        </PathMappingSettings>
        <targetEnvironmentConfiguration type="docker-compose">
          <config>
            <option name="targetPlatform">
              <TargetPlatform />
            </option>
            <option name="configurationFiles">
              <list>
                <option value="$USER_HOME$/sol_pm_74/docker-compose.yml" />
              </list>
            </option>
            <option name="envs">
              <map>
                <entry key="DJANGO_SETTINGS_MODULE" value="settings" />
                <entry key="PYTHONUNBUFFERED" value="1" />
              </map>
            </option>
            <option name="serviceName" value="web" />
          </config>
        </targetEnvironmentConfiguration>
      </additional>
    </jdk>
    <jdk version="2">
      <name value="sol_pm_test" />
      <type value="Python SDK" />
      <version value="Python 3.10.18" />
      <homePath value="/python-venv/bin/python3" />
      <roots>
        <classPath>
          <root type="composite">
            <root url="file://$USER_HOME$/.cache/JetBrains/PyCharm2025.2/remote_sources/-306500062/-853142962" type="simple" />
            <root url="file://$USER_HOME$/.cache/JetBrains/PyCharm2025.2/remote_sources/-306500062/372310358" type="simple" />
            <root url="file://$USER_HOME$/.cache/JetBrains/PyCharm2025.2/remote_sources/-306500062/-911408614" type="simple" />
            <root url="file://$USER_HOME$/.cache/JetBrains/PyCharm2025.2/python_stubs/-1225113543" type="simple" />
            <root url="file://$APPLICATION_HOME_DIR$/plugins/python-ce/helpers/typeshed/stdlib" type="simple" />
            <root url="file://$APPLICATION_HOME_DIR$/plugins/python-ce/helpers/typeshed/stubs/six" type="simple" />
            <root url="file://$APPLICATION_HOME_DIR$/plugins/python-ce/helpers/typeshed/stubs/cffi" type="simple" />
            <root url="file://$APPLICATION_HOME_DIR$/plugins/python-ce/helpers/typeshed/stubs/pytz" type="simple" />
            <root url="file://$APPLICATION_HOME_DIR$/plugins/python-ce/helpers/typeshed/stubs/redis" type="simple" />
            <root url="file://$APPLICATION_HOME_DIR$/plugins/python-ce/helpers/typeshed/stubs/Pillow" type="simple" />
            <root url="file://$APPLICATION_HOME_DIR$/plugins/python-ce/helpers/typeshed/stubs/PyYAML" type="simple" />
            <root url="file://$APPLICATION_HOME_DIR$/plugins/python-ce/helpers/typeshed/stubs/pyasn1" type="simple" />
            <root url="file://$APPLICATION_HOME_DIR$/plugins/python-ce/helpers/typeshed/stubs/shapely" type="simple" />
            <root url="file://$APPLICATION_HOME_DIR$/plugins/python-ce/helpers/typeshed/stubs/Pygments" type="simple" />
            <root url="file://$APPLICATION_HOME_DIR$/plugins/python-ce/helpers/typeshed/stubs/croniter" type="simple" />
            <root url="file://$APPLICATION_HOME_DIR$/plugins/python-ce/helpers/typeshed/stubs/docutils" type="simple" />
            <root url="file://$APPLICATION_HOME_DIR$/plugins/python-ce/helpers/typeshed/stubs/html5lib" type="simple" />
            <root url="file://$APPLICATION_HOME_DIR$/plugins/python-ce/helpers/typeshed/stubs/networkx" type="simple" />
            <root url="file://$APPLICATION_HOME_DIR$/plugins/python-ce/helpers/typeshed/stubs/openpyxl" type="simple" />
            <root url="file://$APPLICATION_HOME_DIR$/plugins/python-ce/helpers/typeshed/stubs/psycopg2" type="simple" />
            <root url="file://$APPLICATION_HOME_DIR$/plugins/python-ce/helpers/typeshed/stubs/requests" type="simple" />
            <root url="file://$APPLICATION_HOME_DIR$/plugins/python-ce/helpers/typeshed/stubs/decorator" type="simple" />
            <root url="file://$APPLICATION_HOME_DIR$/plugins/python-ce/helpers/typeshed/stubs/cachetools" type="simple" />
            <root url="file://$APPLICATION_HOME_DIR$/plugins/python-ce/helpers/typeshed/stubs/defusedxml" type="simple" />
            <root url="file://$APPLICATION_HOME_DIR$/plugins/python-ce/helpers/typeshed/stubs/jsonschema" type="simple" />
            <root url="file://$APPLICATION_HOME_DIR$/plugins/python-ce/helpers/typeshed/stubs/setuptools" type="simple" />
            <root url="file://$APPLICATION_HOME_DIR$/plugins/python-ce/helpers/typeshed/stubs/python-dateutil" type="simple" />
            <root url="file://$APPLICATION_HOME_DIR$/plugins/python-ce/helpers/bundled_stubs/Django" type="simple" />
          </root>
        </classPath>
        <sourcePath>
          <root type="composite" />
        </sourcePath>
      </roots>
      <additional ASSOCIATED_PROJECT_PATH="$USER_HOME$/sol_pm_test" SDK_UUID="9d62dc29-02a9-4667-959b-e91e725c0396" INTERPRETER_PATH="/python-venv/bin/python3" HELPERS_PATH="" VALID="true" RUN_AS_ROOT_VIA_SUDO="false">
        <setting name="FLAVOR_ID" value="VirtualEnvSdkFlavor" />
        <setting name="FLAVOR_DATA" value="{}" />
        <PathMappingSettings>
          <option name="pathMappings">
            <list>
              <mapping local-root="$USER_HOME$/.cache/JetBrains/PyCharm2025.2/remote_sources/-306500062/-853142962" remote-root="/usr/local/lib/python3.10" />
              <mapping local-root="$USER_HOME$/.cache/JetBrains/PyCharm2025.2/remote_sources/-306500062/372310358" remote-root="/usr/local/lib/python3.10/lib-dynload" />
              <mapping local-root="$USER_HOME$/.cache/JetBrains/PyCharm2025.2/remote_sources/-306500062/-911408614" remote-root="/python-venv/lib/python3.10/site-packages" />
            </list>
          </option>
        </PathMappingSettings>
        <targetEnvironmentConfiguration type="docker-compose">
          <config>
            <option name="targetPlatform">
              <TargetPlatform />
            </option>
            <option name="configurationFiles">
              <list>
                <option value="$USER_HOME$/sol_pm_test/docker-compose.yml" />
              </list>
            </option>
            <option name="envs">
              <map>
                <entry key="DJANGO_SETTINGS_MODULE" value="settings" />
                <entry key="PYTHONUNBUFFERED" value="1" />
              </map>
            </option>
            <option name="projectName" value="sol_pm_test" />
            <option name="serviceName" value="web" />
          </config>
        </targetEnvironmentConfiguration>
      </additional>
    </jdk>
    <jdk version="2">
      <name value="sol_pm_43" />
      <type value="Python SDK" />
      <version value="Python 3.8.20" />
      <homePath value="/python-venv/bin/python3" />
      <roots>
        <classPath>
          <root type="composite">
            <root url="file://$USER_HOME$/.cache/JetBrains/PyCharm2025.2/remote_sources/1155690609/249573929" type="simple" />
            <root url="file://$USER_HOME$/.cache/JetBrains/PyCharm2025.2/remote_sources/1155690609/2026582193" type="simple" />
            <root url="file://$USER_HOME$/.cache/JetBrains/PyCharm2025.2/remote_sources/1155690609/87888613" type="simple" />
            <root url="file://$USER_HOME$/.cache/JetBrains/PyCharm2025.2/python_stubs/-1225113543" type="simple" />
            <root url="file://$APPLICATION_HOME_DIR$/plugins/python-ce/helpers/typeshed/stdlib" type="simple" />
          </root>
        </classPath>
        <sourcePath>
          <root type="composite" />
        </sourcePath>
      </roots>
      <additional ASSOCIATED_PROJECT_PATH="$USER_HOME$/sol_pm_43" SDK_UUID="e48b40af-00c4-492d-9300-f36b207ba40f" INTERPRETER_PATH="/python-venv/bin/python3" HELPERS_PATH="" VALID="true" RUN_AS_ROOT_VIA_SUDO="false">
        <setting name="FLAVOR_ID" value="VirtualEnvSdkFlavor" />
        <setting name="FLAVOR_DATA" value="{}" />
        <PathMappingSettings>
          <option name="pathMappings">
            <list>
              <mapping local-root="$USER_HOME$/.cache/JetBrains/PyCharm2025.2/remote_sources/1155690609/249573929" remote-root="/usr/local/lib/python3.8" />
              <mapping local-root="$USER_HOME$/.cache/JetBrains/PyCharm2025.2/remote_sources/1155690609/2026582193" remote-root="/usr/local/lib/python3.8/lib-dynload" />
              <mapping local-root="$USER_HOME$/.cache/JetBrains/PyCharm2025.2/remote_sources/1155690609/87888613" remote-root="/python-venv/lib/python3.8/site-packages" />
            </list>
          </option>
        </PathMappingSettings>
        <targetEnvironmentConfiguration type="docker-compose">
          <config>
            <option name="targetPlatform">
              <TargetPlatform />
            </option>
            <option name="configurationFiles">
              <list>
                <option value="$USER_HOME$/sol_pm_43/docker-compose.yml" />
              </list>
            </option>
            <option name="envs">
              <map>
                <entry key="DJANGO_SETTINGS_MODULE" value="settings" />
                <entry key="PYTHONUNBUFFERED" value="1" />
              </map>
            </option>
            <option name="serviceName" value="web" />
          </config>
        </targetEnvironmentConfiguration>
      </additional>
    </jdk>
    <jdk version="2">
      <name value="sol_pm_77" />
      <type value="Python SDK" />
      <version value="Python 3.8.20" />
      <homePath value="/python-venv/bin/python3" />
      <roots>
        <classPath>
          <root type="composite">
            <root url="file://$USER_HOME$/.cache/JetBrains/PyCharm2025.2/remote_sources/-927269278/249573929" type="simple" />
            <root url="file://$USER_HOME$/.cache/JetBrains/PyCharm2025.2/remote_sources/-927269278/2026582193" type="simple" />
            <root url="file://$USER_HOME$/.cache/JetBrains/PyCharm2025.2/remote_sources/-927269278/87888613" type="simple" />
            <root url="file://$USER_HOME$/.cache/JetBrains/PyCharm2025.2/python_stubs/-1225113543" type="simple" />
            <root url="file://$APPLICATION_HOME_DIR$/plugins/python-ce/helpers/typeshed/stdlib" type="simple" />
            <root url="file://$APPLICATION_HOME_DIR$/plugins/python-ce/helpers/typeshed/stubs/six" type="simple" />
            <root url="file://$APPLICATION_HOME_DIR$/plugins/python-ce/helpers/typeshed/stubs/cffi" type="simple" />
            <root url="file://$APPLICATION_HOME_DIR$/plugins/python-ce/helpers/typeshed/stubs/pytz" type="simple" />
            <root url="file://$APPLICATION_HOME_DIR$/plugins/python-ce/helpers/typeshed/stubs/redis" type="simple" />
            <root url="file://$APPLICATION_HOME_DIR$/plugins/python-ce/helpers/typeshed/stubs/Pillow" type="simple" />
            <root url="file://$APPLICATION_HOME_DIR$/plugins/python-ce/helpers/typeshed/stubs/PyYAML" type="simple" />
            <root url="file://$APPLICATION_HOME_DIR$/plugins/python-ce/helpers/typeshed/stubs/pyasn1" type="simple" />
            <root url="file://$APPLICATION_HOME_DIR$/plugins/python-ce/helpers/typeshed/stubs/shapely" type="simple" />
            <root url="file://$APPLICATION_HOME_DIR$/plugins/python-ce/helpers/typeshed/stubs/Pygments" type="simple" />
            <root url="file://$APPLICATION_HOME_DIR$/plugins/python-ce/helpers/typeshed/stubs/croniter" type="simple" />
            <root url="file://$APPLICATION_HOME_DIR$/plugins/python-ce/helpers/typeshed/stubs/docutils" type="simple" />
            <root url="file://$APPLICATION_HOME_DIR$/plugins/python-ce/helpers/typeshed/stubs/html5lib" type="simple" />
            <root url="file://$APPLICATION_HOME_DIR$/plugins/python-ce/helpers/typeshed/stubs/networkx" type="simple" />
            <root url="file://$APPLICATION_HOME_DIR$/plugins/python-ce/helpers/typeshed/stubs/openpyxl" type="simple" />
            <root url="file://$APPLICATION_HOME_DIR$/plugins/python-ce/helpers/typeshed/stubs/psycopg2" type="simple" />
            <root url="file://$APPLICATION_HOME_DIR$/plugins/python-ce/helpers/typeshed/stubs/requests" type="simple" />
            <root url="file://$APPLICATION_HOME_DIR$/plugins/python-ce/helpers/typeshed/stubs/decorator" type="simple" />
            <root url="file://$APPLICATION_HOME_DIR$/plugins/python-ce/helpers/typeshed/stubs/cachetools" type="simple" />
            <root url="file://$APPLICATION_HOME_DIR$/plugins/python-ce/helpers/typeshed/stubs/defusedxml" type="simple" />
            <root url="file://$APPLICATION_HOME_DIR$/plugins/python-ce/helpers/typeshed/stubs/jsonschema" type="simple" />
            <root url="file://$APPLICATION_HOME_DIR$/plugins/python-ce/helpers/typeshed/stubs/setuptools" type="simple" />
            <root url="file://$APPLICATION_HOME_DIR$/plugins/python-ce/helpers/typeshed/stubs/python-dateutil" type="simple" />
            <root url="file://$APPLICATION_HOME_DIR$/plugins/python-ce/helpers/bundled_stubs/Django" type="simple" />
          </root>
        </classPath>
        <sourcePath>
          <root type="composite" />
        </sourcePath>
      </roots>
      <additional ASSOCIATED_PROJECT_PATH="$USER_HOME$/sol_pm_77" SDK_UUID="c3083209-536b-4a99-adb2-cc776ba8840c" INTERPRETER_PATH="/python-venv/bin/python3" HELPERS_PATH="" VALID="true" RUN_AS_ROOT_VIA_SUDO="false">
        <setting name="FLAVOR_ID" value="VirtualEnvSdkFlavor" />
        <setting name="FLAVOR_DATA" value="{}" />
        <PathMappingSettings>
          <option name="pathMappings">
            <list>
              <mapping local-root="$USER_HOME$/.cache/JetBrains/PyCharm2025.2/remote_sources/-927269278/249573929" remote-root="/usr/local/lib/python3.8" />
              <mapping local-root="$USER_HOME$/.cache/JetBrains/PyCharm2025.2/remote_sources/-927269278/2026582193" remote-root="/usr/local/lib/python3.8/lib-dynload" />
              <mapping local-root="$USER_HOME$/.cache/JetBrains/PyCharm2025.2/remote_sources/-927269278/87888613" remote-root="/python-venv/lib/python3.8/site-packages" />
            </list>
          </option>
        </PathMappingSettings>
        <targetEnvironmentConfiguration type="docker-compose">
          <config>
            <option name="targetPlatform">
              <TargetPlatform />
            </option>
            <option name="configurationFiles">
              <list>
                <option value="$USER_HOME$/sol_pm_77/docker-compose.yml" />
              </list>
            </option>
            <option name="envs">
              <map>
                <entry key="DJANGO_SETTINGS_MODULE" value="settings" />
                <entry key="PYTHONUNBUFFERED" value="1" />
              </map>
            </option>
            <option name="serviceName" value="web" />
          </config>
        </targetEnvironmentConfiguration>
      </additional>
    </jdk>
    <jdk version="2">
      <name value="sol_pm_76" />
      <type value="Python SDK" />
      <version value="Python 3.8.20" />
      <homePath value="/python-venv/bin/python3" />
      <roots>
        <classPath>
          <root type="composite">
            <root url="file://$USER_HOME$/.cache/JetBrains/PyCharm2025.2/remote_sources/159801138/249573929" type="simple" />
            <root url="file://$USER_HOME$/.cache/JetBrains/PyCharm2025.2/remote_sources/159801138/2026582193" type="simple" />
            <root url="file://$USER_HOME$/.cache/JetBrains/PyCharm2025.2/remote_sources/159801138/87888613" type="simple" />
            <root url="file://$USER_HOME$/.cache/JetBrains/PyCharm2025.2/python_stubs/-1225113543" type="simple" />
            <root url="file://$APPLICATION_HOME_DIR$/plugins/python-ce/helpers/typeshed/stdlib" type="simple" />
            <root url="file://$APPLICATION_HOME_DIR$/plugins/python-ce/helpers/typeshed/stubs/six" type="simple" />
            <root url="file://$APPLICATION_HOME_DIR$/plugins/python-ce/helpers/typeshed/stubs/cffi" type="simple" />
            <root url="file://$APPLICATION_HOME_DIR$/plugins/python-ce/helpers/typeshed/stubs/pytz" type="simple" />
            <root url="file://$APPLICATION_HOME_DIR$/plugins/python-ce/helpers/typeshed/stubs/redis" type="simple" />
            <root url="file://$APPLICATION_HOME_DIR$/plugins/python-ce/helpers/typeshed/stubs/Pillow" type="simple" />
            <root url="file://$APPLICATION_HOME_DIR$/plugins/python-ce/helpers/typeshed/stubs/PyYAML" type="simple" />
            <root url="file://$APPLICATION_HOME_DIR$/plugins/python-ce/helpers/typeshed/stubs/pyasn1" type="simple" />
            <root url="file://$APPLICATION_HOME_DIR$/plugins/python-ce/helpers/typeshed/stubs/shapely" type="simple" />
            <root url="file://$APPLICATION_HOME_DIR$/plugins/python-ce/helpers/typeshed/stubs/Pygments" type="simple" />
            <root url="file://$APPLICATION_HOME_DIR$/plugins/python-ce/helpers/typeshed/stubs/croniter" type="simple" />
            <root url="file://$APPLICATION_HOME_DIR$/plugins/python-ce/helpers/typeshed/stubs/docutils" type="simple" />
            <root url="file://$APPLICATION_HOME_DIR$/plugins/python-ce/helpers/typeshed/stubs/html5lib" type="simple" />
            <root url="file://$APPLICATION_HOME_DIR$/plugins/python-ce/helpers/typeshed/stubs/networkx" type="simple" />
            <root url="file://$APPLICATION_HOME_DIR$/plugins/python-ce/helpers/typeshed/stubs/openpyxl" type="simple" />
            <root url="file://$APPLICATION_HOME_DIR$/plugins/python-ce/helpers/typeshed/stubs/psycopg2" type="simple" />
            <root url="file://$APPLICATION_HOME_DIR$/plugins/python-ce/helpers/typeshed/stubs/requests" type="simple" />
            <root url="file://$APPLICATION_HOME_DIR$/plugins/python-ce/helpers/typeshed/stubs/decorator" type="simple" />
            <root url="file://$APPLICATION_HOME_DIR$/plugins/python-ce/helpers/typeshed/stubs/cachetools" type="simple" />
            <root url="file://$APPLICATION_HOME_DIR$/plugins/python-ce/helpers/typeshed/stubs/defusedxml" type="simple" />
            <root url="file://$APPLICATION_HOME_DIR$/plugins/python-ce/helpers/typeshed/stubs/jsonschema" type="simple" />
            <root url="file://$APPLICATION_HOME_DIR$/plugins/python-ce/helpers/typeshed/stubs/setuptools" type="simple" />
            <root url="file://$APPLICATION_HOME_DIR$/plugins/python-ce/helpers/typeshed/stubs/python-dateutil" type="simple" />
            <root url="file://$APPLICATION_HOME_DIR$/plugins/python-ce/helpers/bundled_stubs/Django" type="simple" />
          </root>
        </classPath>
        <sourcePath>
          <root type="composite" />
        </sourcePath>
      </roots>
      <additional ASSOCIATED_PROJECT_PATH="$USER_HOME$/sol_pm_76" SDK_UUID="adc2e9e4-e402-402f-bd08-164161c1ac61" INTERPRETER_PATH="/python-venv/bin/python3" HELPERS_PATH="" VALID="true" RUN_AS_ROOT_VIA_SUDO="false">
        <setting name="FLAVOR_ID" value="VirtualEnvSdkFlavor" />
        <setting name="FLAVOR_DATA" value="{}" />
        <PathMappingSettings>
          <option name="pathMappings">
            <list>
              <mapping local-root="$USER_HOME$/.cache/JetBrains/PyCharm2025.2/remote_sources/159801138/249573929" remote-root="/usr/local/lib/python3.8" />
              <mapping local-root="$USER_HOME$/.cache/JetBrains/PyCharm2025.2/remote_sources/159801138/2026582193" remote-root="/usr/local/lib/python3.8/lib-dynload" />
              <mapping local-root="$USER_HOME$/.cache/JetBrains/PyCharm2025.2/remote_sources/159801138/87888613" remote-root="/python-venv/lib/python3.8/site-packages" />
            </list>
          </option>
        </PathMappingSettings>
        <targetEnvironmentConfiguration type="docker-compose">
          <config>
            <option name="targetPlatform">
              <TargetPlatform />
            </option>
            <option name="configurationFiles">
              <list>
                <option value="$USER_HOME$/sol_pm_76/docker-compose.yml" />
              </list>
            </option>
            <option name="envs">
              <map>
                <entry key="DJANGO_SETTINGS_MODULE" value="settings" />
                <entry key="PYTHONUNBUFFERED" value="1" />
              </map>
            </option>
            <option name="serviceName" value="web" />
          </config>
        </targetEnvironmentConfiguration>
      </additional>
    </jdk>
    <jdk version="2">
      <name value="sol_pm_79" />
      <type value="Python SDK" />
      <version value="Python 3.8.20" />
      <homePath value="/python-venv/bin/python3" />
      <roots>
        <classPath>
          <root type="composite">
            <root url="file://$USER_HOME$/.cache/JetBrains/PyCharm2025.2/remote_sources/-666065658/249573929" type="simple" />
            <root url="file://$USER_HOME$/.cache/JetBrains/PyCharm2025.2/remote_sources/-666065658/2026582193" type="simple" />
            <root url="file://$USER_HOME$/.cache/JetBrains/PyCharm2025.2/remote_sources/-666065658/87888613" type="simple" />
            <root url="file://$USER_HOME$/.cache/JetBrains/PyCharm2025.2/python_stubs/-1225113543" type="simple" />
            <root url="file://$APPLICATION_HOME_DIR$/plugins/python-ce/helpers/typeshed/stdlib" type="simple" />
            <root url="file://$APPLICATION_HOME_DIR$/plugins/python-ce/helpers/typeshed/stubs/six" type="simple" />
            <root url="file://$APPLICATION_HOME_DIR$/plugins/python-ce/helpers/typeshed/stubs/cffi" type="simple" />
            <root url="file://$APPLICATION_HOME_DIR$/plugins/python-ce/helpers/typeshed/stubs/pytz" type="simple" />
            <root url="file://$APPLICATION_HOME_DIR$/plugins/python-ce/helpers/typeshed/stubs/redis" type="simple" />
            <root url="file://$APPLICATION_HOME_DIR$/plugins/python-ce/helpers/typeshed/stubs/Pillow" type="simple" />
            <root url="file://$APPLICATION_HOME_DIR$/plugins/python-ce/helpers/typeshed/stubs/PyYAML" type="simple" />
            <root url="file://$APPLICATION_HOME_DIR$/plugins/python-ce/helpers/typeshed/stubs/pyasn1" type="simple" />
            <root url="file://$APPLICATION_HOME_DIR$/plugins/python-ce/helpers/typeshed/stubs/shapely" type="simple" />
            <root url="file://$APPLICATION_HOME_DIR$/plugins/python-ce/helpers/typeshed/stubs/Pygments" type="simple" />
            <root url="file://$APPLICATION_HOME_DIR$/plugins/python-ce/helpers/typeshed/stubs/croniter" type="simple" />
            <root url="file://$APPLICATION_HOME_DIR$/plugins/python-ce/helpers/typeshed/stubs/docutils" type="simple" />
            <root url="file://$APPLICATION_HOME_DIR$/plugins/python-ce/helpers/typeshed/stubs/html5lib" type="simple" />
            <root url="file://$APPLICATION_HOME_DIR$/plugins/python-ce/helpers/typeshed/stubs/networkx" type="simple" />
            <root url="file://$APPLICATION_HOME_DIR$/plugins/python-ce/helpers/typeshed/stubs/openpyxl" type="simple" />
            <root url="file://$APPLICATION_HOME_DIR$/plugins/python-ce/helpers/typeshed/stubs/psycopg2" type="simple" />
            <root url="file://$APPLICATION_HOME_DIR$/plugins/python-ce/helpers/typeshed/stubs/requests" type="simple" />
            <root url="file://$APPLICATION_HOME_DIR$/plugins/python-ce/helpers/typeshed/stubs/decorator" type="simple" />
            <root url="file://$APPLICATION_HOME_DIR$/plugins/python-ce/helpers/typeshed/stubs/cachetools" type="simple" />
            <root url="file://$APPLICATION_HOME_DIR$/plugins/python-ce/helpers/typeshed/stubs/defusedxml" type="simple" />
            <root url="file://$APPLICATION_HOME_DIR$/plugins/python-ce/helpers/typeshed/stubs/jsonschema" type="simple" />
            <root url="file://$APPLICATION_HOME_DIR$/plugins/python-ce/helpers/typeshed/stubs/setuptools" type="simple" />
            <root url="file://$APPLICATION_HOME_DIR$/plugins/python-ce/helpers/typeshed/stubs/python-dateutil" type="simple" />
            <root url="file://$APPLICATION_HOME_DIR$/plugins/python-ce/helpers/bundled_stubs/Django" type="simple" />
          </root>
        </classPath>
        <sourcePath>
          <root type="composite" />
        </sourcePath>
      </roots>
      <additional ASSOCIATED_PROJECT_PATH="$USER_HOME$/sol_pm_79" SDK_UUID="13256ae7-bed8-4dc1-bd90-acba30ecd916" INTERPRETER_PATH="/python-venv/bin/python3" HELPERS_PATH="" VALID="true" RUN_AS_ROOT_VIA_SUDO="false">
        <setting name="FLAVOR_ID" value="VirtualEnvSdkFlavor" />
        <setting name="FLAVOR_DATA" value="{}" />
        <PathMappingSettings>
          <option name="pathMappings">
            <list>
              <mapping local-root="$USER_HOME$/.cache/JetBrains/PyCharm2025.2/remote_sources/-666065658/249573929" remote-root="/usr/local/lib/python3.8" />
              <mapping local-root="$USER_HOME$/.cache/JetBrains/PyCharm2025.2/remote_sources/-666065658/2026582193" remote-root="/usr/local/lib/python3.8/lib-dynload" />
              <mapping local-root="$USER_HOME$/.cache/JetBrains/PyCharm2025.2/remote_sources/-666065658/87888613" remote-root="/python-venv/lib/python3.8/site-packages" />
            </list>
          </option>
        </PathMappingSettings>
        <targetEnvironmentConfiguration type="docker-compose">
          <config>
            <option name="targetPlatform">
              <TargetPlatform />
            </option>
            <option name="configurationFiles">
              <list>
                <option value="$USER_HOME$/sol_pm_79/docker-compose.yml" />
              </list>
            </option>
            <option name="envs">
              <map>
                <entry key="DJANGO_SETTINGS_MODULE" value="settings" />
                <entry key="PYTHONUNBUFFERED" value="1" />
              </map>
            </option>
            <option name="serviceName" value="web" />
          </config>
        </targetEnvironmentConfiguration>
      </additional>
    </jdk>
    <jdk version="2">
      <name value="sol_pm_80" />
      <type value="Python SDK" />
      <version value="Python 3.8.20" />
      <homePath value="/python-venv/bin/python3" />
      <roots>
        <classPath>
          <root type="composite">
            <root url="file://$USER_HOME$/.cache/JetBrains/PyCharm2025.2/remote_sources/1029152095/249573929" type="simple" />
            <root url="file://$USER_HOME$/.cache/JetBrains/PyCharm2025.2/remote_sources/1029152095/2026582193" type="simple" />
            <root url="file://$USER_HOME$/.cache/JetBrains/PyCharm2025.2/remote_sources/1029152095/87888613" type="simple" />
            <root url="file://$USER_HOME$/.cache/JetBrains/PyCharm2025.2/python_stubs/-1225113543" type="simple" />
            <root url="file://$APPLICATION_HOME_DIR$/plugins/python-ce/helpers/typeshed/stdlib" type="simple" />
            <root url="file://$APPLICATION_HOME_DIR$/plugins/python-ce/helpers/typeshed/stubs/six" type="simple" />
            <root url="file://$APPLICATION_HOME_DIR$/plugins/python-ce/helpers/typeshed/stubs/cffi" type="simple" />
            <root url="file://$APPLICATION_HOME_DIR$/plugins/python-ce/helpers/typeshed/stubs/pytz" type="simple" />
            <root url="file://$APPLICATION_HOME_DIR$/plugins/python-ce/helpers/typeshed/stubs/redis" type="simple" />
            <root url="file://$APPLICATION_HOME_DIR$/plugins/python-ce/helpers/typeshed/stubs/Pillow" type="simple" />
            <root url="file://$APPLICATION_HOME_DIR$/plugins/python-ce/helpers/typeshed/stubs/PyYAML" type="simple" />
            <root url="file://$APPLICATION_HOME_DIR$/plugins/python-ce/helpers/typeshed/stubs/pyasn1" type="simple" />
            <root url="file://$APPLICATION_HOME_DIR$/plugins/python-ce/helpers/typeshed/stubs/shapely" type="simple" />
            <root url="file://$APPLICATION_HOME_DIR$/plugins/python-ce/helpers/typeshed/stubs/Pygments" type="simple" />
            <root url="file://$APPLICATION_HOME_DIR$/plugins/python-ce/helpers/typeshed/stubs/croniter" type="simple" />
            <root url="file://$APPLICATION_HOME_DIR$/plugins/python-ce/helpers/typeshed/stubs/docutils" type="simple" />
            <root url="file://$APPLICATION_HOME_DIR$/plugins/python-ce/helpers/typeshed/stubs/html5lib" type="simple" />
            <root url="file://$APPLICATION_HOME_DIR$/plugins/python-ce/helpers/typeshed/stubs/networkx" type="simple" />
            <root url="file://$APPLICATION_HOME_DIR$/plugins/python-ce/helpers/typeshed/stubs/openpyxl" type="simple" />
            <root url="file://$APPLICATION_HOME_DIR$/plugins/python-ce/helpers/typeshed/stubs/psycopg2" type="simple" />
            <root url="file://$APPLICATION_HOME_DIR$/plugins/python-ce/helpers/typeshed/stubs/requests" type="simple" />
            <root url="file://$APPLICATION_HOME_DIR$/plugins/python-ce/helpers/typeshed/stubs/decorator" type="simple" />
            <root url="file://$APPLICATION_HOME_DIR$/plugins/python-ce/helpers/typeshed/stubs/cachetools" type="simple" />
            <root url="file://$APPLICATION_HOME_DIR$/plugins/python-ce/helpers/typeshed/stubs/defusedxml" type="simple" />
            <root url="file://$APPLICATION_HOME_DIR$/plugins/python-ce/helpers/typeshed/stubs/jsonschema" type="simple" />
            <root url="file://$APPLICATION_HOME_DIR$/plugins/python-ce/helpers/typeshed/stubs/setuptools" type="simple" />
            <root url="file://$APPLICATION_HOME_DIR$/plugins/python-ce/helpers/typeshed/stubs/python-dateutil" type="simple" />
            <root url="file://$APPLICATION_HOME_DIR$/plugins/python-ce/helpers/bundled_stubs/Django" type="simple" />
          </root>
        </classPath>
        <sourcePath>
          <root type="composite" />
        </sourcePath>
      </roots>
      <additional ASSOCIATED_PROJECT_PATH="$USER_HOME$/sol_pm_80" SDK_UUID="d7f05ae1-85d7-498c-8434-c776c9f12e11" INTERPRETER_PATH="/python-venv/bin/python3" HELPERS_PATH="" VALID="true" RUN_AS_ROOT_VIA_SUDO="false">
        <setting name="FLAVOR_ID" value="VirtualEnvSdkFlavor" />
        <setting name="FLAVOR_DATA" value="{}" />
        <PathMappingSettings>
          <option name="pathMappings">
            <list>
              <mapping local-root="$USER_HOME$/.cache/JetBrains/PyCharm2025.2/remote_sources/1029152095/249573929" remote-root="/usr/local/lib/python3.8" />
              <mapping local-root="$USER_HOME$/.cache/JetBrains/PyCharm2025.2/remote_sources/1029152095/2026582193" remote-root="/usr/local/lib/python3.8/lib-dynload" />
              <mapping local-root="$USER_HOME$/.cache/JetBrains/PyCharm2025.2/remote_sources/1029152095/87888613" remote-root="/python-venv/lib/python3.8/site-packages" />
            </list>
          </option>
        </PathMappingSettings>
        <targetEnvironmentConfiguration type="docker-compose">
          <config>
            <option name="targetPlatform">
              <TargetPlatform />
            </option>
            <option name="configurationFiles">
              <list>
                <option value="$USER_HOME$/sol_pm_80/docker-compose.yml" />
              </list>
            </option>
            <option name="envs">
              <map>
                <entry key="DJANGO_SETTINGS_MODULE" value="settings" />
                <entry key="PYTHONUNBUFFERED" value="1" />
              </map>
            </option>
            <option name="serviceName" value="web" />
          </config>
        </targetEnvironmentConfiguration>
      </additional>
    </jdk>
  </component>
</application>