<application>
  <component name="ParameterNameHintsSettings">
    <option id="python.show.hints.for.non-literal.arguments" value="true" />
    <option id="angular.show.names.for.all.args" value="true" />
    <option id="js.param.hints.show.names.for.all.args" value="true" />
    <option id="js.only.show.names.for.tagged" value="false" />
    <option id="vuejs.show.names.for.all.args" value="true" />
    <option id="js.only.show.names.for.pipes" value="false" />
    <option id="js.only.show.names.for.literal.args" value="false" />
    <disabledLanguages>
      <language id="JavaScript" />
    </disabledLanguages>
  </component>
</application>