<application>
  <component name="Trusted.Paths">
    <option name="TRUSTED_PROJECT_PATHS">
      <map>
        <entry key="$USER_HOME$/sol_pm" value="true" />
        <entry key="$USER_HOME$/sol_pm/open_fiber" value="true" />
        <entry key="$USER_HOME$/sol_pm_2" value="true" />
        <entry key="$USER_HOME$/sol_pm_43" value="true" />
        <entry key="$USER_HOME$/sol_pm_74" value="true" />
        <entry key="$USER_HOME$/sol_pm_76" value="true" />
        <entry key="$USER_HOME$/sol_pm_77" value="true" />
        <entry key="$USER_HOME$/sol_pm_79" value="true" />
        <entry key="$USER_HOME$/sol_pm_80" value="true" />
        <entry key="$USER_HOME$/sol_pm_test" value="true" />
      </map>
    </option>
  </component>
  <component name="Trusted.Paths.Settings">
    <option name="TRUSTED_PATHS">
      <list>
        <option value="$USER_HOME$" />
      </list>
    </option>
  </component>
</application>