<application>
  <component name="Trusted.Paths">
    <option name="TRUSTED_PROJECT_PATHS">
      <map>
        <entry key="$USER_HOME$/_open_fiber" value="true" />
        <entry key="$USER_HOME$/iliad_461" value="true" />
        <entry key="$USER_HOME$/iliad_466" value="true" />
        <entry key="$USER_HOME$/iliad_467" value="true" />
        <entry key="$USER_HOME$/iliad_468" value="true" />
        <entry key="$USER_HOME$/iliad_468_2" value="true" />
        <entry key="$USER_HOME$/iliad_469" value="true" />
        <entry key="$USER_HOME$/iliad_470" value="true" />
        <entry key="$USER_HOME$/iliad_471" value="true" />
        <entry key="$USER_HOME$/iliad_472" value="true" />
        <entry key="$USER_HOME$/iliad_473" value="true" />
        <entry key="$USER_HOME$/iliad_474" value="true" />
        <entry key="$USER_HOME$/iliad_staging" value="true" />
        <entry key="$USER_HOME$/iliad_test" value="true" />
        <entry key="$USER_HOME$/sol_pm" value="true" />
        <entry key="$USER_HOME$/sol_pm/open_fiber" value="true" />
        <entry key="$USER_HOME$/sol_pm_2" value="true" />
        <entry key="$USER_HOME$/sol_pm_43" value="true" />
        <entry key="$USER_HOME$/sol_pm_72" value="true" />
        <entry key="$USER_HOME$/sol_pm_74" value="true" />
        <entry key="$USER_HOME$/sol_pm_76" value="true" />
        <entry key="$USER_HOME$/sol_pm_77" value="true" />
        <entry key="$USER_HOME$/sol_pm_79" value="true" />
        <entry key="$USER_HOME$/sol_pm_80" value="true" />
        <entry key="$USER_HOME$/sol_pm_81" value="true" />
        <entry key="$USER_HOME$/sol_pm_merge_fix" value="true" />
        <entry key="$USER_HOME$/sol_pm_prod" value="true" />
        <entry key="$USER_HOME$/sol_pm_test" value="true" />
        <entry key="$USER_HOME$/sol_sup_25" value="true" />
        <entry key="$USER_HOME$/sol_sup_test" value="true" />
      </map>
    </option>
  </component>
  <component name="Trusted.Paths.Settings">
    <option name="TRUSTED_PATHS">
      <list>
        <option value="$USER_HOME$" />
      </list>
    </option>
  </component>
</application>