<application>
  <component name="DimensionService">
    <location key="find.popup.0.0.3840.2160@144dpi" x="665" y="176" />
    <location key="find.popup.0.0.1920.1080" x="362" y="103" />
    <location key="find.popup.0.0.3840.2160" x="669" y="167" />
    <location key="find.popup.0.0.3840.2160@120dpi" x="669" y="167" />
    <location key="find.popup.0.0.1920.1080@144dpi" x="362" y="106" />
    <size key="GridCell.Tab.0.left.0.0.3840.2160@144dpi" width="3650" height="564" />
    <size key="GridCell.Tab.0.center.0.0.3840.2160@144dpi" width="3650" height="564" />
    <size key="GridCell.Tab.0.right.0.0.3840.2160@144dpi" width="3650" height="564" />
    <size key="GridCell.Tab.0.bottom.0.0.3840.2160@144dpi" width="3650" height="564" />
    <size key="find.popup.0.0.3840.2160@144dpi" width="2132" height="1615" />
    <size key="GridCell.Tab.1.left.0.0.3840.2160@144dpi" width="3650" height="564" />
    <size key="GridCell.Tab.1.center.0.0.3840.2160@144dpi" width="3650" height="564" />
    <size key="GridCell.Tab.1.right.0.0.3840.2160@144dpi" width="3650" height="564" />
    <size key="GridCell.Tab.1.bottom.0.0.3840.2160@144dpi" width="3650" height="564" />
    <size key="find.popup.0.0.1920.1080" width="1497" height="832" />
    <size key="GridCell.Tab.0.left.0.0.1920.1080" width="1772" height="269" />
    <size key="GridCell.Tab.0.center.0.0.1920.1080" width="1772" height="269" />
    <size key="GridCell.Tab.0.right.0.0.1920.1080" width="1772" height="269" />
    <size key="GridCell.Tab.0.bottom.0.0.1920.1080" width="1772" height="269" />
    <size key="GridCell.Tab.1.left.0.0.1920.1080" width="1772" height="269" />
    <size key="GridCell.Tab.1.center.0.0.1920.1080" width="1772" height="269" />
    <size key="GridCell.Tab.1.right.0.0.1920.1080" width="1772" height="269" />
    <size key="GridCell.Tab.1.bottom.0.0.1920.1080" width="1772" height="269" />
    <size key="find.popup.0.0.3840.2160" width="2630" height="1760" />
    <size key="find.popup.0.0.3840.2160@120dpi" width="2630" height="1760" />
    <size key="find.popup.0.0.1920.1080@144dpi" width="1048" height="860" />
  </component>
  <component name="WindowManager">
    <frame x="66" y="40" width="3774" height="2120" extendedState="6" />
  </component>
  <component name="WindowStateApplicationService">
    <state x="1635" y="605" width="636" height="727" key="FileChooserDialogImpl" timestamp="1759921395905">
      <screen x="66" y="48" width="3774" height="2112" />
    </state>
    <state x="1635" y="605" width="636" height="727" key="FileChooserDialogImpl/66.48.3774.2112" timestamp="1759921395905" />
    <state width="690" height="308" key="ShowUsagesActions.dimensionServiceKey" timestamp="1762948719234">
      <screen x="66" y="32" width="1854" height="1048" />
    </state>
    <state width="545" height="128" key="ShowUsagesActions.dimensionServiceKey.ideScale=110" timestamp="1761900429533">
      <screen x="66" y="32" width="1854" height="1048" />
    </state>
    <state width="545" height="128" key="ShowUsagesActions.dimensionServiceKey.ideScale=110/66.32.1854.1048" timestamp="1761900429533" />
    <state width="753" height="433" key="ShowUsagesActions.dimensionServiceKey.ideScale=110/66.48.3774.2112" timestamp="1761839138331" />
    <state width="650" height="160" key="ShowUsagesActions.dimensionServiceKey.ideScale=125" timestamp="1762874227773">
      <screen x="66" y="40" width="3774" height="2120" />
    </state>
    <state width="650" height="160" key="ShowUsagesActions.dimensionServiceKey.ideScale=125/66.40.3774.2120" timestamp="1762874227773" />
    <state width="1851" height="163" key="ShowUsagesActions.dimensionServiceKey.ideScale=150" timestamp="1764230324101">
      <screen x="66" y="40" width="3774" height="2120" />
    </state>
    <state width="1851" height="163" key="ShowUsagesActions.dimensionServiceKey.ideScale=150/66.40.3774.2120" timestamp="1764230324101" />
    <state width="623" height="129" key="ShowUsagesActions.dimensionServiceKey.ideScale=70" timestamp="1760541398626">
      <screen x="66" y="32" width="1854" height="1048" />
    </state>
    <state width="623" height="129" key="ShowUsagesActions.dimensionServiceKey.ideScale=70/66.32.1854.1048" timestamp="1760541398626" />
    <state width="904" height="693" key="ShowUsagesActions.dimensionServiceKey.ideScale=90" timestamp="1763559185800">
      <screen x="66" y="40" width="1854" height="1040" />
    </state>
    <state width="904" height="693" key="ShowUsagesActions.dimensionServiceKey.ideScale=90/66.40.1854.1040" timestamp="1763559185800" />
    <state width="690" height="308" key="ShowUsagesActions.dimensionServiceKey/66.32.1854.1048" timestamp="1762948719234" />
    <state width="1059" height="190" key="ShowUsagesActions.dimensionServiceKey/66.48.3774.2112" timestamp="1760513702776" />
    <state x="1953" y="1104" width="3774" height="2112" key="WELCOME_SCREEN" timestamp="1759989813732">
      <screen x="66" y="48" width="3774" height="2112" />
    </state>
    <state x="1953" y="1100" width="3774" height="2120" key="WELCOME_SCREEN.ideScale=125" timestamp="1762844586952">
      <screen x="66" y="40" width="3774" height="2120" />
    </state>
    <state x="1953" y="1100" width="3774" height="2120" key="WELCOME_SCREEN.ideScale=125/66.40.3774.2120" timestamp="1762844586952" />
    <state x="1313" y="674" width="1000" height="720" key="WELCOME_SCREEN/66.32.2494.1568" timestamp="1757172019688" />
    <state x="1953" y="1104" width="3774" height="2112" key="WELCOME_SCREEN/66.48.3774.2112" timestamp="1759989813732" />
    <state x="704" y="175" width="2586" height="1821" key="find.popup.ideScale=125" timestamp="1762352135516">
      <screen x="66" y="40" width="3774" height="2120" />
    </state>
    <state x="704" y="175" width="2586" height="1821" key="find.popup.ideScale=125/66.40.3774.2120" timestamp="1762352135516" />
    <state width="375" height="657" key="manage.recent.projects.popup.ideScale=125" timestamp="1762789347487">
      <screen x="66" y="40" width="3774" height="2120" />
    </state>
    <state width="375" height="657" key="manage.recent.projects.popup.ideScale=125/66.40.3774.2120" timestamp="1762789347487" />
  </component>
</application>