<application>
  <component name="DimensionService">
    <location key="find.popup.0.0.3840.2160@144dpi" x="703" y="180" />
    <location key="find.popup.0.0.1920.1080" x="379" y="98" />
    <size key="GridCell.Tab.0.left.0.0.3840.2160@144dpi" width="3650" height="612" />
    <size key="GridCell.Tab.0.center.0.0.3840.2160@144dpi" width="3650" height="612" />
    <size key="GridCell.Tab.0.right.0.0.3840.2160@144dpi" width="3650" height="612" />
    <size key="GridCell.Tab.0.bottom.0.0.3840.2160@144dpi" width="3650" height="612" />
    <size key="find.popup.0.0.3840.2160@144dpi" width="2944" height="1845" />
    <size key="GridCell.Tab.1.left.0.0.3840.2160@144dpi" width="3650" height="612" />
    <size key="GridCell.Tab.1.center.0.0.3840.2160@144dpi" width="3650" height="612" />
    <size key="GridCell.Tab.1.right.0.0.3840.2160@144dpi" width="3650" height="612" />
    <size key="GridCell.Tab.1.bottom.0.0.3840.2160@144dpi" width="3650" height="612" />
    <size key="find.popup.0.0.1920.1080" width="1447" height="916" />
  </component>
  <component name="WindowManager">
    <frame x="66" y="48" width="3774" height="2112" extendedState="6" />
  </component>
  <component name="WindowStateApplicationService">
    <state x="1635" y="605" width="636" height="727" key="FileChooserDialogImpl" timestamp="1759921395905">
      <screen x="66" y="48" width="3774" height="2112" />
    </state>
    <state x="1635" y="605" width="636" height="727" key="FileChooserDialogImpl/66.48.3774.2112" timestamp="1759921395905" />
    <state width="670" height="199" key="ShowUsagesActions.dimensionServiceKey" timestamp="1760013751065">
      <screen x="66" y="48" width="3774" height="2112" />
    </state>
    <state width="950" height="207" key="ShowUsagesActions.dimensionServiceKey/66.32.1854.1048" timestamp="1758896608525" />
    <state width="670" height="199" key="ShowUsagesActions.dimensionServiceKey/66.48.3774.2112" timestamp="1760013751065" />
    <state x="1953" y="1104" width="3774" height="2112" key="WELCOME_SCREEN" timestamp="1759989813732">
      <screen x="66" y="48" width="3774" height="2112" />
    </state>
    <state x="1313" y="674" width="1000" height="720" key="WELCOME_SCREEN/66.32.2494.1568" timestamp="1757172019688" />
    <state x="1953" y="1104" width="3774" height="2112" key="WELCOME_SCREEN/66.48.3774.2112" timestamp="1759989813732" />
  </component>
</application>